<?xml version="1.0" encoding="UTF-8"?><rss version="2.0"
	xmlns:content="http://purl.org/rss/1.0/modules/content/"
	xmlns:dc="http://purl.org/dc/elements/1.1/"
	xmlns:atom="http://www.w3.org/2005/Atom"
	xmlns:sy="http://purl.org/rss/1.0/modules/syndication/"
	
	>
<channel>
	<title>
	Comments on: Sample Page	</title>
	<atom:link href="http://localhost/sample-page/feed/?simply_static_page=39" rel="self" type="application/rss+xml" />
	<link>https://wp.bayx.uk/</link>
	<description>同是天涯沦落人，江枫渔火对愁眠，梦里不知身是客，此心安处是吾乡</description>
	<lastBuildDate>Fri, 09 Feb 2024 13:15:13 +0000</lastBuildDate>
	<sy:updatePeriod>
	hourly	</sy:updatePeriod>
	<sy:updateFrequency>
	1	</sy:updateFrequency>
	<generator>https://wordpress.org/?v=6.4.3</generator>
</channel>
</rss>
